,X,RR,RR_L,RR_H,beta,se,P_value,percent_change,percent_change_L,percent_change_H,pollution,IQR,Q,value,disease
4,intrcpt3,1.010666356,1.00480415,1.016562763,0.005942348,0.001662294,0.000350511,1.066635602,0.480414997,1.656276323,BC,1.785468,Q1,"1.07 (0.48, 1.66)",CVD_total
5,intrcpt11,1.019077567,1.013635027,1.02454933,0.010584268,0.001530201,4.62E-12,1.907756735,1.363502702,2.454933048,BC,1.785468,Q2,"1.91 (1.36, 2.45)",CVD_total
6,intrcpt21,1.038005515,1.030939677,1.045119781,0.020891496,0.001951813,9.79E-27,3.800551517,3.093967673,4.511978135,BC,1.785468,Q3,"3.80 (3.09, 4.51)",CVD_total
